<?xml version="1.0" ?>
<LOG_ROOT>
	<PROJECT NAME="Fianl">
		<CBX_INST_ENTRY INSTANCE_NAME="|Fianl|lpm_divide:Div0" CBX_FILE_NAME="lpm_divide_9gm.tdf"/>
		<CBX_INST_ENTRY INSTANCE_NAME="|Fianl|lpm_mult:Mult1|multcore:mult_core|mpar_add:padder|mpar_add:sub_par_add|lpm_add_sub:adder[0]" CBX_FILE_NAME="add_sub_pbh.tdf"/>
		<CBX_INST_ENTRY INSTANCE_NAME="|Fianl|lpm_divide:Div1" CBX_FILE_NAME="lpm_divide_mhm.tdf"/>
		<CBX_INST_ENTRY INSTANCE_NAME="|Fianl|lpm_divide:Mod0" CBX_FILE_NAME="lpm_divide_n9m.tdf"/>
		<CBX_INST_ENTRY INSTANCE_NAME="|Fianl|lpm_divide:Mod2" CBX_FILE_NAME="lpm_divide_4bm.tdf"/>
		<CBX_INST_ENTRY INSTANCE_NAME="|Fianl|lpm_mult:Mult0|multcore:mult_core|mpar_add:padder|lpm_add_sub:adder[0]" CBX_FILE_NAME="add_sub_obh.tdf"/>
		<CBX_INST_ENTRY INSTANCE_NAME="|Fianl|lpm_mult:Mult0|multcore:mult_core|mpar_add:padder|mpar_add:sub_par_add|lpm_add_sub:adder[0]" CBX_FILE_NAME="add_sub_pbh.tdf"/>
		<CBX_INST_ENTRY INSTANCE_NAME="|Fianl|lpm_divide:Div2" CBX_FILE_NAME="lpm_divide_1jm.tdf"/>
		<CBX_INST_ENTRY INSTANCE_NAME="|Fianl|lpm_divide:Mod1" CBX_FILE_NAME="lpm_divide_q9m.tdf"/>
		<CBX_INST_ENTRY INSTANCE_NAME="|Fianl|lpm_mult:Mult1|multcore:mult_core|mpar_add:padder|lpm_add_sub:adder[0]" CBX_FILE_NAME="add_sub_obh.tdf"/>
	</PROJECT>
</LOG_ROOT>
